Title,Author,Publisher,Date
리틀 라이프 1,한야 야나기하라,시공사,2016.06.16
모순,양귀자,쓰다,2013.04.01
나의 돈키호테,김호연,나무옆의자,2024.04.25
흐르는 강물처럼,셸리 리드,다산책방,2024.01.08
두 사람의 인터내셔널,김기태,문학동네,2024.05.15
구의 증명,최진영,은행나무,2023.04.26
삼체 1: 삼체문제,류츠신,자음과모음,2022.02.15
싯다르타,헤르만 헤세,민음사,2002.01.20
녹나무의 여신,히가시노 게이고,소미미디어,2024.05.23
아이가 없는 집,알렉스 안도릴,필름(Feelm),2024.06.12
불편한 편의점(벚꽃 에디션),김호연,나무옆의자,2021.04.20
인간 실격,다자이 오사무,민음사,2012.04.10
이처럼 사소한 것들,클레어 키건,다산책방,2023.11.27
홍학의 자리,정해연,엘릭시르,2021.07.26
2024 제15회 젊은작가상 수상작품집,김멜라 외,문학동네,2024.03.31
데미안,헤르만 헤세,민음사,2009.01.20
노르웨이의 숲,무라카미 하루키,민음사,2017.08.07
파과,구병모,위즈덤하우스,2018.04.16
룬의 아이들 블러디드 7,전민희,엘릭시르,2024.05.30
채식주의자,한강,창비,2022.03.28
